GROTO.ST.WF,SetPlPF,GROTO.Sel2701a.Sel2032.030.1.21,5,1,1,3000,1,32767,-32767,32.767,-32.767
GROTO.ST.EB1.MMXU1,A,GROTO.Sel2701a.Sel2032.030.1.3,5,1,1,3000,1,32767,-32767,32767,-32767
GROTO.ST.EB1.MMXU1,PPV,GROTO.Sel2701a.Sel2032.030.1.2,5,1,1,3000,1,32767,-32767,327.67,-327.67
GROTO.ST.EB1.MMXU1,TotPF,GROTO.Sel2701a.Sel2032.030.1.6,5,1,1,3000,1,32767,-32767,32.767,-32.767
GROTO.ST.EB1.MMXU1,TotVAr,GROTO.Sel2701a.Sel2032.030.1.5,5,1,1,3000,1,32767,-32767,327.67,-327.67
GROTO.ST.EB1.MMXU1,TotW,GROTO.Sel2701a.Sel2032.030.1.4,5,1,1,3000,1,32767,-32767,327.67,-327.67
GROTO.ST.EG1.MMXU1,A,GROTO.Sel2701a.Sel2032.030.1.136,5,1,1,3000,1,32767,-32767,32767,-32767
GROTO.ST.EG1.MMXU1.A,phsA,GROTO.Sel2701a.Sel2032.030.1.139,5,1,1,3000,1,32767,-32767,32767,-32767
GROTO.ST.EG1.MMXU1.A,phsB,GROTO.Sel2701a.Sel2032.030.1.140,5,1,1,3000,1,32767,-32767,32767,-32767
GROTO.ST.EG1.MMXU1.A,phsC,GROTO.Sel2701a.Sel2032.030.1.141,5,1,1,3000,1,32767,-32767,32767,-32767
GROTO.ST.EG1.MMXU1,PPV,GROTO.Sel2701a.Sel2032.030.1.145,5,1,1,3000,1,32767,-32767,327.67,-327.67
GROTO.ST.EG1.MMXU1.PPV,phsAB,GROTO.Sel2701a.Sel2032.030.1.142,5,1,1,3000,1,32767,-32767,327.67,-327.67
GROTO.ST.EG1.MMXU1.PPV,phsBC,GROTO.Sel2701a.Sel2032.030.1.143,5,1,1,3000,1,32767,-32767,327.67,-327.67
GROTO.ST.EG1.MMXU1.PPV,phsCA,GROTO.Sel2701a.Sel2032.030.1.144,5,1,1,3000,1,32767,-32767,327.67,-327.67
GROTO.ST.EG1.MMXU1,TotPF,GROTO.Sel2701a.Sel2032.030.1.137,5,1,1,3000,1,32767,-32767,32.767,-32.767
GROTO.ST.EG1.MMXU1,TotVA,GROTO.Sel2701a.Sel2032.030.1.138,5,1,1,3000,1,32767,-32767,327.67,-327.67
GROTO.ST.EG1.MMXU1,TotVAr,GROTO.Sel2701a.Sel2032.030.1.135,5,1,1,3000,1,32767,-32767,327.67,-327.67
GROTO.ST.EG1.MMXU1,TotW,GROTO.Sel2701a.Sel2032.030.1.134,5,1,1,3000,1,32767,-32767,327.67,-327.67
GROTO.ST.HIR1.MMXU1,A,GROTO.Sel2701a.Sel2032.030.1.104,5,1,1,3000,1,32767,-32767,32767,-32767
GROTO.ST.HIR1.MMXU1.A,phsA,GROTO.Sel2701a.Sel2032.030.1.106,5,1,1,3000,1,32767,-32767,32767,-32767
GROTO.ST.HIR1.MMXU1.A,phsB,GROTO.Sel2701a.Sel2032.030.1.107,5,1,1,3000,1,32767,-32767,32767,-32767
GROTO.ST.HIR1.MMXU1.A,phsC,GROTO.Sel2701a.Sel2032.030.1.108,5,1,1,3000,1,32767,-32767,32767,-32767
GROTO.ST.HIR1.MMXU1,TotVAr,GROTO.Sel2701a.Sel2032.030.1.105,5,1,1,3000,1,32767,-32767,327.67,-327.67
GROTO.ST.HIR1.QA1MMXU1,A,GROTO.Sel2701a.Sel2032.030.1.114,5,1,1,3000,1,32767,-32767,32767,-32767
GROTO.ST.HIR1.QA1MMXU1.A,phsA,GROTO.Sel2701a.Sel2032.030.1.116,5,1,1,3000,1,32767,-32767,32767,-32767
GROTO.ST.HIR1.QA1MMXU1.A,phsB,GROTO.Sel2701a.Sel2032.030.1.117,5,1,1,3000,1,32767,-32767,32767,-32767
GROTO.ST.HIR1.QA1MMXU1.A,phsC,GROTO.Sel2701a.Sel2032.030.1.118,5,1,1,3000,1,32767,-32767,32767,-32767
GROTO.ST.HIR1.QA1MMXU1,TotVAr,GROTO.Sel2701a.Sel2032.030.1.115,5,1,1,3000,1,32767,-32767,327.67,-327.67
GROTO.ST.HIR1.QA2MMXU1,A,GROTO.Sel2701a.Sel2032.030.1.124,5,1,1,3000,1,32767,-32767,32767,-32767
GROTO.ST.HIR1.QA2MMXU1.A,phsA,GROTO.Sel2701a.Sel2032.030.1.126,5,1,1,3000,1,32767,-32767,32767,-32767
GROTO.ST.HIR1.QA2MMXU1.A,phsB,GROTO.Sel2701a.Sel2032.030.1.127,5,1,1,3000,1,32767,-32767,32767,-32767
GROTO.ST.HIR1.QA2MMXU1.A,phsC,GROTO.Sel2701a.Sel2032.030.1.128,5,1,1,3000,1,32767,-32767,32767,-32767
GROTO.ST.HIR1.QA2MMXU1,TotVAr,GROTO.Sel2701a.Sel2032.030.1.125,5,1,1,3000,1,32767,-32767,327.67,-327.67
GROTO.ST.HL01.MMXU1,A,GROTO.Sel2701a.Sel2032.030.1.37,5,1,1,3000,1,32767,-32767,32767,-32767
GROTO.ST.HL01.MMXU1.A,phsA,GROTO.Sel2701a.Sel2032.030.1.29,5,1,1,3000,1,32767,-32767,32767,-32767
GROTO.ST.HL01.MMXU1.A,phsB,GROTO.Sel2701a.Sel2032.030.1.30,5,1,1,3000,1,32767,-32767,32767,-32767
GROTO.ST.HL01.MMXU1.A,phsC,GROTO.Sel2701a.Sel2032.030.1.31,5,1,1,3000,1,32767,-32767,32767,-32767
GROTO.ST.HL01.MMXU1,PPV,GROTO.Sel2701a.Sel2032.030.1.36,5,1,1,3000,1,32767,-32767,327.67,-327.67
GROTO.ST.HL01.MMXU1.PPV,phsAB,GROTO.Sel2701a.Sel2032.030.1.32,5,1,1,3000,1,32767,-32767,327.67,-327.67
GROTO.ST.HL01.MMXU1.PPV,phsBC,GROTO.Sel2701a.Sel2032.030.1.33,5,1,1,3000,1,32767,-32767,327.67,-327.67
GROTO.ST.HL01.MMXU1.PPV,phsCA,GROTO.Sel2701a.Sel2032.030.1.34,5,1,1,3000,1,32767,-32767,327.67,-327.67
GROTO.ST.HL01.MMXU1,TotPF,GROTO.Sel2701a.Sel2032.030.1.28,5,1,1,3000,1,32767,-32767,32.767,-32.767
GROTO.ST.HL01.MMXU1,TotVA,GROTO.Sel2701a.Sel2032.030.1.35,5,1,1,3000,1,32767,-32767,327.67,-327.67
GROTO.ST.HL01.MMXU1,TotVAr,GROTO.Sel2701a.Sel2032.030.1.27,5,1,1,3000,1,32767,-32767,327.67,-327.67
GROTO.ST.HL01.MMXU1,TotW,GROTO.Sel2701a.Sel2032.030.1.26,5,1,1,3000,1,32767,-32767,327.67,-327.67
GROTO.ST.HL02.MMXU1,A,GROTO.Sel2701a.Sel2032.030.1.53,5,1,1,3000,1,32767,-32767,32767,-32767
GROTO.ST.HL02.MMXU1.A,phsA,GROTO.Sel2701a.Sel2032.030.1.45,5,1,1,3000,1,32767,-32767,32767,-32767
GROTO.ST.HL02.MMXU1.A,phsB,GROTO.Sel2701a.Sel2032.030.1.46,5,1,1,3000,1,32767,-32767,32767,-32767
GROTO.ST.HL02.MMXU1.A,phsC,GROTO.Sel2701a.Sel2032.030.1.47,5,1,1,3000,1,32767,-32767,32767,-32767
GROTO.ST.HL02.MMXU1,PPV,GROTO.Sel2701a.Sel2032.030.1.52,5,1,1,3000,1,32767,-32767,327.67,-327.67
GROTO.ST.HL02.MMXU1.PPV,phsAB,GROTO.Sel2701a.Sel2032.030.1.48,5,1,1,3000,1,32767,-32767,327.67,-327.67
GROTO.ST.HL02.MMXU1.PPV,phsBC,GROTO.Sel2701a.Sel2032.030.1.49,5,1,1,3000,1,32767,-32767,327.67,-327.67
GROTO.ST.HL02.MMXU1.PPV,phsCA,GROTO.Sel2701a.Sel2032.030.1.50,5,1,1,3000,1,32767,-32767,327.67,-327.67
GROTO.ST.HL02.MMXU1,TotPF,GROTO.Sel2701a.Sel2032.030.1.44,5,1,1,3000,1,32767,-32767,32.767,-32.767
GROTO.ST.HL02.MMXU1,TotVA,GROTO.Sel2701a.Sel2032.030.1.51,5,1,1,3000,1,32767,-32767,327.67,-327.67
GROTO.ST.HL02.MMXU1,TotVAr,GROTO.Sel2701a.Sel2032.030.1.43,5,1,1,3000,1,32767,-32767,327.67,-327.67
GROTO.ST.HL02.MMXU1,TotW,GROTO.Sel2701a.Sel2032.030.1.42,5,1,1,3000,1,32767,-32767,327.67,-327.67
GROTO.ST.HRC1.MMXU1,A,GROTO.Sel2701a.Sel2032.030.1.74,5,1,1,3000,1,32767,-32767,32767,-32767
GROTO.ST.HRC1.MMXU1.A,phsA,GROTO.Sel2701a.Sel2032.030.1.76,5,1,1,3000,1,32767,-32767,32767,-32767
GROTO.ST.HRC1.MMXU1.A,phsB,GROTO.Sel2701a.Sel2032.030.1.77,5,1,1,3000,1,32767,-32767,32767,-32767
GROTO.ST.HRC1.MMXU1.A,phsC,GROTO.Sel2701a.Sel2032.030.1.78,5,1,1,3000,1,32767,-32767,32767,-32767
GROTO.ST.HRC1.MMXU1,TotVAr,GROTO.Sel2701a.Sel2032.030.1.75,5,1,1,3000,1,32767,-32767,327.67,-327.67
GROTO.ST.HRC1.QA1MMXU1,A,GROTO.Sel2701a.Sel2032.030.1.84,5,1,1,3000,1,32767,-32767,32767,-32767
GROTO.ST.HRC1.QA1MMXU1.A,phsA,GROTO.Sel2701a.Sel2032.030.1.86,5,1,1,3000,1,32767,-32767,32767,-32767
GROTO.ST.HRC1.QA1MMXU1.A,phsB,GROTO.Sel2701a.Sel2032.030.1.87,5,1,1,3000,1,32767,-32767,32767,-32767
GROTO.ST.HRC1.QA1MMXU1.A,phsC,GROTO.Sel2701a.Sel2032.030.1.88,5,1,1,3000,1,32767,-32767,32767,-32767
GROTO.ST.HRC1.QA1MMXU1,TotVAr,GROTO.Sel2701a.Sel2032.030.1.85,5,1,1,3000,1,32767,-32767,327.67,-327.67
GROTO.ST.HRC1.QA2MMXU1,A,GROTO.Sel2701a.Sel2032.030.1.94,5,1,1,3000,1,32767,-32767,32767,-32767
GROTO.ST.HRC1.QA2MMXU1.A,phsA,GROTO.Sel2701a.Sel2032.030.1.96,5,1,1,3000,1,32767,-32767,32767,-32767
GROTO.ST.HRC1.QA2MMXU1.A,phsB,GROTO.Sel2701a.Sel2032.030.1.97,5,1,1,3000,1,32767,-32767,32767,-32767
GROTO.ST.HRC1.QA2MMXU1.A,phsC,GROTO.Sel2701a.Sel2032.030.1.98,5,1,1,3000,1,32767,-32767,32767,-32767
GROTO.ST.HRC1.QA2MMXU1,TotVAr,GROTO.Sel2701a.Sel2032.030.1.95,5,1,1,3000,1,32767,-32767,327.67,-327.67
GROTO.ST.HT1.MMXU1,A,GROTO.Sel2701a.Sel2032.030.1.69,5,1,1,3000,1,32767,-32767,32767,-32767
GROTO.ST.HT1.MMXU1.A,phsA,GROTO.Sel2701a.Sel2032.030.1.61,5,1,1,3000,1,32767,-32767,32767,-32767
GROTO.ST.HT1.MMXU1.A,phsB,GROTO.Sel2701a.Sel2032.030.1.62,5,1,1,3000,1,32767,-32767,32767,-32767
GROTO.ST.HT1.MMXU1.A,phsC,GROTO.Sel2701a.Sel2032.030.1.63,5,1,1,3000,1,32767,-32767,32767,-32767
GROTO.ST.HT1.MMXU1,PPV,GROTO.Sel2701a.Sel2032.030.1.68,5,1,1,3000,1,32767,-32767,327.67,-327.67
GROTO.ST.HT1.MMXU1.PPV,phsAB,GROTO.Sel2701a.Sel2032.030.1.64,5,1,1,3000,1,32767,-32767,327.67,-327.67
GROTO.ST.HT1.MMXU1.PPV,phsBC,GROTO.Sel2701a.Sel2032.030.1.65,5,1,1,3000,1,32767,-32767,327.67,-327.67
GROTO.ST.HT1.MMXU1.PPV,phsCA,GROTO.Sel2701a.Sel2032.030.1.66,5,1,1,3000,1,32767,-32767,327.67,-327.67
GROTO.ST.HT1.MMXU1,TotPF,GROTO.Sel2701a.Sel2032.030.1.60,5,1,1,3000,1,32767,-32767,32.767,-32.767
GROTO.ST.HT1.MMXU1,TotVA,GROTO.Sel2701a.Sel2032.030.1.67,5,1,1,3000,1,32767,-32767,327.67,-327.67
GROTO.ST.HT1.MMXU1,TotVAr,GROTO.Sel2701a.Sel2032.030.1.59,5,1,1,3000,1,32767,-32767,327.67,-327.67
GROTO.ST.HT1.MMXU1,TotW,GROTO.Sel2701a.Sel2032.030.1.58,5,1,1,3000,1,32767,-32767,327.67,-327.67
GROTO.ST.OPT1.SIMG1,Mst,GROTO.Sel2701a.Sel2032.030.1.154,5,1,1,3000,1,32767,-32767,32767,-32767
GROTO.ST.OPT1.SIMG1,Ppm,GROTO.Sel2701a.Sel2032.030.1.153,5,1,1,3000,1,32767,-32767,32767,-32767
GROTO.ST.OPT1.YPTR1,TopOilTmp,GROTO.Sel2701a.Sel2032.030.1.151,5,1,1,3000,1,32767,-32767,32767,-32767
GROTO.ST.OPT1.YPTR2,HPTmp,GROTO.Sel2701a.Sel2032.030.1.155,5,1,1,3000,1,32767,-32767,32767,-32767
GROTO.ST.PLC.MMXN1,Hz,GROTO.Sel2701a.Sel2032.030.1.1,5,1,1,3000,1,32767,-32767,327.67,-327.67
GROTO.ST.PLC.ZBAT1,Vol,GROTO.Sel2701a.Sel2032.030.1.0,5,1,1,3000,1,32767,-32767,32767,-32767
GROTO.ST.WF,AvaCapVARs,GROTO.Sel2701a.Sel2032.030.1.19,5,1,1,3000,1,32767,-32767,327.67,-327.67
GROTO.ST.WF,AvaIndVARs,GROTO.Sel2701a.Sel2032.030.1.18,5,1,1,3000,1,32767,-32767,327.67,-327.67
GROTO.ST.WF,SetPlVol,GROTO.Sel2701a.Sel2032.030.1.16,5,1,1,3000,1,32767,-32767,327.67,-327.67
GROTO.ST.WF,TurVArSetP,GROTO.Sel2701a.Sel2032.030.1.17,5,1,1,3000,1,32767,-32767,327.67,-327.67
GROTO.ST.WF,TurVArST,GROTO.Sel2701a.Sel2032.030.1.20,5,1,1,3000,1,32767,-32767,327.67,-327.67
GROTO.ST.AS.ZACS1,AtsAlm,GROTO.Sel2701a.Sel2032.001.2.301,11,1,1,3000,0,,,,
GROTO.ST.AS.ZACS1,ClimateFlt1,GROTO.Sel2701a.Sel2032.001.2.303,11,1,1,3000,0,,,,
GROTO.ST.AS.ZACS1,ClimateFlt2,GROTO.Sel2701a.Sel2032.001.2.305,11,1,1,3000,0,,,,
GROTO.ST.OPT1.KTNK1,OilLevHi,GROTO.Sel2701a.Sel2032.001.2.300,11,1,1,3000,0,,,,
GROTO.ST.AS.ZFPS1,FireAlm,GROTO.Sel2701a.Sel2032.001.2.302,11,1,1,3000,0,,,,
GROTO.ST.AS.ZACS1,LoTmp,GROTO.Sel2701a.Sel2032.001.2.304,11,1,1,3000,0,,,,
GROTO.ST.AS.ZACS1,RMSAlm,GROTO.Sel2701a.Sel2032.001.2.299,11,1,1,3000,0,,,,
GROTO.ST.AS.ZAXN1,BatChaAlm,GROTO.Sel2701a.Sel2032.001.2.296,11,1,1,3000,0,,,,
GROTO.ST.AS.ZAXN1,PwrSupAlm,GROTO.Sel2701a.Sel2032.001.2.307,11,1,1,3000,0,,,,
GROTO.ST.AS.ZAXN1,PwrSupTr,GROTO.Sel2701a.Sel2032.001.2.308,11,1,1,3000,0,,,,
GROTO.ST.AS.ZIPS1,IntruderAlm,GROTO.Sel2701a.Sel2032.001.2.306,11,1,1,3000,0,,,,
GROTO.ST.EG1.LLN0,Flt1,GROTO.Sel2701a.Sel2032.001.2.265,11,1,1,3000,0,,,,
GROTO.ST.EG1.LLN0,Flt2,GROTO.Sel2701a.Sel2032.001.2.266,11,1,1,3000,0,,,,
GROTO.ST.EG1.LLN0,Flt3,GROTO.Sel2701a.Sel2032.001.2.269,11,1,1,3000,0,,,,
GROTO.ST.EG1.LLN0,Flt4,GROTO.Sel2701a.Sel2032.001.2.270,11,1,1,3000,0,,,,
GROTO.ST.EG1.LLN0,Flt5,GROTO.Sel2701a.Sel2032.001.2.263,11,1,1,3000,0,,,,
GROTO.ST.EG1.PDIF1,ComAlm,GROTO.Sel2701a.Sel2032.001.2.187,11,1,1,3000,0,,,,
GROTO.ST.EG1.PDIF1,Tr,GROTO.Sel2701a.Sel2032.001.2.188,11,1,1,3000,0,,,,
GROTO.ST.EG1.PDIF2,ComAlm,GROTO.Sel2701a.Sel2032.001.2.199,11,1,1,3000,0,,,,
GROTO.ST.EG1.PDIF2,Tr,GROTO.Sel2701a.Sel2032.001.2.200,11,1,1,3000,0,,,,
GROTO.ST.EG1.PTRC1,Flt,GROTO.Sel2701a.Sel2032.001.2.237,11,1,1,3000,0,,,,
GROTO.ST.EG1.PTRC1,LOTr1,GROTO.Sel2701a.Sel2032.001.2.238,11,1,1,3000,0,,,,
GROTO.ST.EG1.PTRC1,LOTr2,GROTO.Sel2701a.Sel2032.001.2.239,11,1,1,3000,0,,,,
GROTO.ST.EG1.PTRC1,TrTst,GROTO.Sel2701a.Sel2032.001.2.255,11,1,1,3000,0,,,,
GROTO.ST.EG1.QA0LLN0,DiagFlt,GROTO.Sel2701a.Sel2032.001.2.151,11,1,1,3000,0,,,,
GROTO.ST.EG1.QA0LLN0,Flt,GROTO.Sel2701a.Sel2032.001.2.290,11,1,1,3000,0,,,,
GROTO.ST.EG1.QA0LLN0,LocKeyLoc,GROTO.Sel2701a.Sel2032.001.2.157,11,1,1,3000,0,,,,
GROTO.ST.EG1.QA0LPHD,ComAlm,GROTO.Sel2701a.Sel2032.001.2.153,11,1,1,3000,0,,,,
GROTO.ST.EG1.QA0PTRC1,Tr,GROTO.Sel2701a.Sel2032.001.2.148,11,1,1,3000,0,,,,
GROTO.ST.EG1.QA0PTRC1,TrFlt,GROTO.Sel2701a.Sel2032.001.2.152,11,1,1,3000,0,,,,
GROTO.ST.EG1.QA0SIMG1,PresTr,GROTO.Sel2701a.Sel2032.001.2.156,11,1,1,3000,0,,,,
GROTO.ST.EG1.QA0SIMG1,PresWrn,GROTO.Sel2701a.Sel2032.001.2.155,11,1,1,3000,0,,,,
GROTO.ST.EG1.QA0SPDC1,Flt,GROTO.Sel2701a.Sel2032.001.2.150,11,1,1,3000,0,,,,
GROTO.ST.EG1.QA0XCBR1,Pos,GROTO.Sel2701a.Sel2032.001.2.146,11,1,1,3000,0,,,,
GROTO.ST.EG1.QB1XSWI1,Pos,GROTO.Sel2701a.Sel2032.001.2.147,11,1,1,3000,0,,,,
GROTO.ST.EG1.ZMOT1,ExcRun,GROTO.Sel2701a.Sel2032.001.2.158,11,1,1,3000,0,,,,
GROTO.ST.HIR1.CCGR1,PwrSupAlm,GROTO.Sel2701a.Sel2032.001.2.107,11,1,1,3000,0,,,,
GROTO.ST.HIR1.LLN0,Flt1,GROTO.Sel2701a.Sel2032.001.2.261,11,1,1,3000,0,,,,
GROTO.ST.HIR1.LLN0,Flt2,GROTO.Sel2701a.Sel2032.001.2.272,11,1,1,3000,0,,,,
GROTO.ST.HIR1.LLN0,Flt3,GROTO.Sel2701a.Sel2032.001.2.273,11,1,1,3000,0,,,,
GROTO.ST.HIR1.PTRC1,GroFlt1,GROTO.Sel2701a.Sel2032.001.2.218,11,1,1,3000,0,,,,
GROTO.ST.HIR1.PTRC1,GroFlt2,GROTO.Sel2701a.Sel2032.001.2.219,11,1,1,3000,0,,,,
GROTO.ST.HIR1.PTRC1,LOTr,GROTO.Sel2701a.Sel2032.001.2.242,11,1,1,3000,0,,,,
GROTO.ST.HIR1.QA0CILO1,EnaCls,GROTO.Sel2701a.Sel2032.001.2.103,11,1,1,3000,0,,,,
GROTO.ST.HIR1.QA0LLN0,DiagFlt,GROTO.Sel2701a.Sel2032.001.2.101,11,1,1,3000,0,,,,
GROTO.ST.HIR1.QA0LLN0,Flt,GROTO.Sel2701a.Sel2032.001.2.286,11,1,1,3000,0,,,,
GROTO.ST.HIR1.QA0LLN0,LocKeyLoc,GROTO.Sel2701a.Sel2032.001.2.108,11,1,1,3000,0,,,,
GROTO.ST.HIR1.QA0LPHD,ComAlm,GROTO.Sel2701a.Sel2032.001.2.97,11,1,1,3000,0,,,,
GROTO.ST.HIR1.QA0PTRC1,Tr,GROTO.Sel2701a.Sel2032.001.2.98,11,1,1,3000,0,,,,
GROTO.ST.HIR1.QA0PTRC1,TrFlt,GROTO.Sel2701a.Sel2032.001.2.102,11,1,1,3000,0,,,,
GROTO.ST.HIR1.QA0SPDC1,Flt,GROTO.Sel2701a.Sel2032.001.2.100,11,1,1,3000,0,,,,
GROTO.ST.HIR1.QA0XCBR1,Chrg,GROTO.Sel2701a.Sel2032.001.2.106,11,1,1,3000,0,,,,
GROTO.ST.HIR1.QA0XCBR1,Pos,GROTO.Sel2701a.Sel2032.001.2.96,11,1,1,3000,0,,,,
GROTO.ST.HIR1.QA1LLN0,DiagFlt,GROTO.Sel2701a.Sel2032.001.2.116,11,1,1,3000,0,,,,
GROTO.ST.HIR1.QA1LPHD,ComAlm,GROTO.Sel2701a.Sel2032.001.2.114,11,1,1,3000,0,,,,
GROTO.ST.HIR1.QA1PTRC1,Tr,GROTO.Sel2701a.Sel2032.001.2.115,11,1,1,3000,0,,,,
GROTO.ST.HIR1.QA2LLN0,DiagFlt,GROTO.Sel2701a.Sel2032.001.2.124,11,1,1,3000,0,,,,
GROTO.ST.HIR1.QA2LPHD,ComAlm,GROTO.Sel2701a.Sel2032.001.2.122,11,1,1,3000,0,,,,
GROTO.ST.HIR1.QA2PTRC1,Tr,GROTO.Sel2701a.Sel2032.001.2.123,11,1,1,3000,0,,,,
GROTO.ST.HIR1.ZMOT1,ExcRun,GROTO.Sel2701a.Sel2032.001.2.105,11,1,1,3000,0,,,,
GROTO.ST.HL01.CCGR1,PwrSupAlm,GROTO.Sel2701a.Sel2032.001.2.23,11,1,1,3000,0,,,,
GROTO.ST.HL01.LLN0,Flt,GROTO.Sel2701a.Sel2032.001.2.259,11,1,1,3000,0,,,,
GROTO.ST.HL01.PTRC1,Flt,GROTO.Sel2701a.Sel2032.001.2.241,11,1,1,3000,0,,,,
GROTO.ST.HL01.QA0CILO1,EnaCls,GROTO.Sel2701a.Sel2032.001.2.19,11,1,1,3000,0,,,,
GROTO.ST.HL01.QA0LLN0,DiagFlt,GROTO.Sel2701a.Sel2032.001.2.17,11,1,1,3000,0,,,,
GROTO.ST.HL01.QA0LLN0,Flt,GROTO.Sel2701a.Sel2032.001.2.284,11,1,1,3000,0,,,,
GROTO.ST.HL01.QA0LLN0,LocKeyLoc,GROTO.Sel2701a.Sel2032.001.2.24,11,1,1,3000,0,,,,
GROTO.ST.HL01.QA0LPHD,ComAlm,GROTO.Sel2701a.Sel2032.001.2.13,11,1,1,3000,0,,,,
GROTO.ST.HL01.QA0PTRC1,Tr,GROTO.Sel2701a.Sel2032.001.2.14,11,1,1,3000,0,,,,
GROTO.ST.HL01.QA0PTRC1,TrFlt,GROTO.Sel2701a.Sel2032.001.2.18,11,1,1,3000,0,,,,
GROTO.ST.HL01.QA0SPDC1,Flt,GROTO.Sel2701a.Sel2032.001.2.16,11,1,1,3000,0,,,,
GROTO.ST.HL01.QA0XCBR1,Chrg,GROTO.Sel2701a.Sel2032.001.2.22,11,1,1,3000,0,,,,
GROTO.ST.HL01.QA0XCBR1,Pos,GROTO.Sel2701a.Sel2032.001.2.12,11,1,1,3000,0,,,,
GROTO.ST.HL01.ZMOT1,ExcRun,GROTO.Sel2701a.Sel2032.001.2.21,11,1,1,3000,0,,,,
GROTO.ST.HL02.CCGR1,PwrSupAlm,GROTO.Sel2701a.Sel2032.001.2.42,11,1,1,3000,0,,,,
GROTO.ST.HL02.LLN0,Flt,GROTO.Sel2701a.Sel2032.001.2.260,11,1,1,3000,0,,,,
GROTO.ST.HL02.QA0CILO1,EnaCls,GROTO.Sel2701a.Sel2032.001.2.38,11,1,1,3000,0,,,,
GROTO.ST.HL02.QA0LLN0,DiagFlt,GROTO.Sel2701a.Sel2032.001.2.36,11,1,1,3000,0,,,,
GROTO.ST.HL02.QA0LLN0,Flt,GROTO.Sel2701a.Sel2032.001.2.285,11,1,1,3000,0,,,,
GROTO.ST.HL02.QA0LLN0,LocKeyLoc,GROTO.Sel2701a.Sel2032.001.2.43,11,1,1,3000,0,,,,
GROTO.ST.HL02.QA0LPHD,ComAlm,GROTO.Sel2701a.Sel2032.001.2.32,11,1,1,3000,0,,,,
GROTO.ST.HL02.QA0PTRC1,Tr,GROTO.Sel2701a.Sel2032.001.2.33,11,1,1,3000,0,,,,
GROTO.ST.HL02.QA0PTRC1,TrFlt,GROTO.Sel2701a.Sel2032.001.2.37,11,1,1,3000,0,,,,
GROTO.ST.HL02.QA0SPDC1,Flt,GROTO.Sel2701a.Sel2032.001.2.35,11,1,1,3000,0,,,,
GROTO.ST.HL02.QA0XCBR1,Chrg,GROTO.Sel2701a.Sel2032.001.2.41,11,1,1,3000,0,,,,
GROTO.ST.HL02.QA0XCBR1,Pos,GROTO.Sel2701a.Sel2032.001.2.31,11,1,1,3000,0,,,,
GROTO.ST.HL02.ZMOT1,ExcRun,GROTO.Sel2701a.Sel2032.001.2.40,11,1,1,3000,0,,,,
GROTO.ST.HRC1.CCGR1,PwrSupAlm,GROTO.Sel2701a.Sel2032.001.2.60,11,1,1,3000,0,,,,
GROTO.ST.HRC1.LLN0,Flt1,GROTO.Sel2701a.Sel2032.001.2.214,11,1,1,3000,0,,,,
GROTO.ST.HRC1.LLN0,Flt2,GROTO.Sel2701a.Sel2032.001.2.215,11,1,1,3000,0,,,,
GROTO.ST.HRC1.LLN0,Flt3,GROTO.Sel2701a.Sel2032.001.2.216,11,1,1,3000,0,,,,
GROTO.ST.HRC1.PTRC1,Flt,GROTO.Sel2701a.Sel2032.001.2.236,11,1,1,3000,0,,,,
GROTO.ST.HRC1.QA0CILO1,EnaCls,GROTO.Sel2701a.Sel2032.001.2.56,11,1,1,3000,0,,,,
GROTO.ST.HRC1.QA0LLN0,DiagFlt,GROTO.Sel2701a.Sel2032.001.2.54,11,1,1,3000,0,,,,
GROTO.ST.HRC1.QA0LLN0,Flt,GROTO.Sel2701a.Sel2032.001.2.287,11,1,1,3000,0,,,,
GROTO.ST.HRC1.QA0LLN0,LocKeyLoc,GROTO.Sel2701a.Sel2032.001.2.61,11,1,1,3000,0,,,,
GROTO.ST.HRC1.QA0LPHD,ComAlm,GROTO.Sel2701a.Sel2032.001.2.51,11,1,1,3000,0,,,,
GROTO.ST.HRC1.QA0PTRC1,Tr,GROTO.Sel2701a.Sel2032.001.2.52,11,1,1,3000,0,,,,
GROTO.ST.HRC1.QA0PTRC1,TrFlt,GROTO.Sel2701a.Sel2032.001.2.55,11,1,1,3000,0,,,,
GROTO.ST.HRC1.QA0SPDC1,Flt,GROTO.Sel2701a.Sel2032.001.2.53,11,1,1,3000,0,,,,
GROTO.ST.HRC1.QA0XCBR1,Chrg,GROTO.Sel2701a.Sel2032.001.2.59,11,1,1,3000,0,,,,
GROTO.ST.HRC1.QA0XCBR1,Pos,GROTO.Sel2701a.Sel2032.001.2.50,11,1,1,3000,0,,,,
GROTO.ST.HRC1.QA1LLN0,ComAlm,GROTO.Sel2701a.Sel2032.001.2.70,11,1,1,3000,0,,,,
GROTO.ST.HRC1.QA1LLN0,LocKeyLoc,GROTO.Sel2701a.Sel2032.001.2.69,11,1,1,3000,0,,,,
GROTO.ST.HRC1.QA1LPHD,ComAlm,GROTO.Sel2701a.Sel2032.001.2.72,11,1,1,3000,0,,,,
GROTO.ST.HRC1.QA1PTRC1,Tr,GROTO.Sel2701a.Sel2032.001.2.73,11,1,1,3000,0,,,,
GROTO.ST.HRC1.QA1PTRC1,TrFlt,GROTO.Sel2701a.Sel2032.001.2.71,11,1,1,3000,0,,,,
GROTO.ST.HRC1.QA1SPDC1,Flt,GROTO.Sel2701a.Sel2032.001.2.75,11,1,1,3000,0,,,,
GROTO.ST.HRC1.QA1XCBR1,Pos,GROTO.Sel2701a.Sel2032.001.2.68,11,1,1,3000,0,,,,
GROTO.ST.HRC1.QA2LLN0,ComAlm,GROTO.Sel2701a.Sel2032.001.2.84,11,1,1,3000,0,,,,
GROTO.ST.HRC1.QA2LLN0,LocKeyLoc,GROTO.Sel2701a.Sel2032.001.2.83,11,1,1,3000,0,,,,
GROTO.ST.HRC1.QA2LPHD,ComAlm,GROTO.Sel2701a.Sel2032.001.2.86,11,1,1,3000,0,,,,
GROTO.ST.HRC1.QA2PTRC1,Tr,GROTO.Sel2701a.Sel2032.001.2.87,11,1,1,3000,0,,,,
GROTO.ST.HRC1.QA2PTRC1,TrFlt,GROTO.Sel2701a.Sel2032.001.2.85,11,1,1,3000,0,,,,
GROTO.ST.HRC1.QA2SPDC1,Flt,GROTO.Sel2701a.Sel2032.001.2.89,11,1,1,3000,0,,,,
GROTO.ST.HRC1.QA2XCBR1,Pos,GROTO.Sel2701a.Sel2032.001.2.82,11,1,1,3000,0,,,,
GROTO.ST.HRC1.QB1LLN0,Flt,GROTO.Sel2701a.Sel2032.001.2.288,11,1,1,3000,0,,,,
GROTO.ST.HRC1.QB2LLN0,Flt,GROTO.Sel2701a.Sel2032.001.2.289,11,1,1,3000,0,,,,
GROTO.ST.HRC1.ZMOT1,ExcRun,GROTO.Sel2701a.Sel2032.001.2.58,11,1,1,3000,0,,,,
GROTO.ST.HT1.LLN0,Flt,GROTO.Sel2701a.Sel2032.001.2.267,11,1,1,3000,0,,,,
GROTO.ST.HT1.PDIF1,ComAlm,GROTO.Sel2701a.Sel2032.001.2.138,11,1,1,3000,0,,,,
GROTO.ST.HT1.PDIF1,Tr,GROTO.Sel2701a.Sel2032.001.2.139,11,1,1,3000,0,,,,
GROTO.ST.HT1.PTRC1,LOTr,GROTO.Sel2701a.Sel2032.001.2.240,11,1,1,3000,0,,,,
GROTO.ST.HT1.QA0LLN0,DiagFlt,GROTO.Sel2701a.Sel2032.001.2.132,11,1,1,3000,0,,,,
GROTO.ST.HT1.QA0LLN0,Flt,GROTO.Sel2701a.Sel2032.001.2.262,11,1,1,3000,0,,,,
GROTO.ST.HT1.QA0LPHD,ComAlm,GROTO.Sel2701a.Sel2032.001.2.130,11,1,1,3000,0,,,,
GROTO.ST.HT1.QA0PTRC1,Tr,GROTO.Sel2701a.Sel2032.001.2.131,11,1,1,3000,0,,,,
GROTO.ST.OPT1.CCGR1,Fan1Op,GROTO.Sel2701a.Sel2032.001.2.176,11,1,1,3000,0,,,,
GROTO.ST.OPT1.CCGR1,Fan2Op,GROTO.Sel2701a.Sel2032.001.2.177,11,1,1,3000,0,,,,
GROTO.ST.OPT1.SIMG1,GasInsAlm,GROTO.Sel2701a.Sel2032.001.2.171,11,1,1,3000,0,,,,
GROTO.ST.OPT1.SIMG1,GasInsWrn,GROTO.Sel2701a.Sel2032.001.2.170,11,1,1,3000,0,,,,
GROTO.ST.OPT1.SIMG1,MTPresAlm,GROTO.Sel2701a.Sel2032.001.2.172,11,1,1,3000,0,,,,
GROTO.ST.OPT1.SIMG2,Flt,GROTO.Sel2701a.Sel2032.001.2.169,11,1,1,3000,0,,,,
GROTO.ST.OPT1.SIMG2,GasTr,GROTO.Sel2701a.Sel2032.001.2.175,11,1,1,3000,0,,,,
GROTO.ST.OPT1.SIML1,OilLevLo,GROTO.Sel2701a.Sel2032.001.2.173,11,1,1,3000,0,,,,
GROTO.ST.OPT1.SIML1,OilLevLoLo,GROTO.Sel2701a.Sel2032.001.2.174,11,1,1,3000,0,,,,
GROTO.ST.OPT1.SIML2,Flt,GROTO.Sel2701a.Sel2032.001.2.168,11,1,1,3000,0,,,,
GROTO.ST.OPT1.TTMP1,ColTmpAlm,GROTO.Sel2701a.Sel2032.001.2.178,11,1,1,3000,0,,,,
GROTO.ST.OPT1.YPTR1,ComAlm,GROTO.Sel2701a.Sel2032.001.2.166,11,1,1,3000,0,,,,
GROTO.ST.OPT1.YPTR1,Flt,GROTO.Sel2701a.Sel2032.001.2.293,11,1,1,3000,0,,,,
GROTO.ST.OPT1.YPTR1,LosCtlPwr,GROTO.Sel2701a.Sel2032.001.2.167,11,1,1,3000,0,,,,
GROTO.ST.PLC.LPHD,Alm1,GROTO.Sel2701a.Sel2032.001.2.211,11,1,1,3000,0,,,,
GROTO.ST.PLC.LLN0,LocKeyScd,GROTO.Sel2701a.Sel2032.001.2.257,11,1,1,3000,0,,,,
GROTO.ST.PLC.LPHD,ComAlm,GROTO.Sel2701a.Sel2032.001.2.224,11,1,1,3000,0,,,,
GROTO.ST.PLC.LPHD,AutoRestore,GROTO.Sel2701a.Sel2032.001.2.256,11,1,1,3000,0,,,,
GROTO.ST.PLC.LPHD,Alm2,GROTO.Sel2701a.Sel2032.001.2.212,11,1,1,3000,0,,,,
GROTO.ST.PLC.LPHD,EthSwFlt,GROTO.Sel2701a.Sel2032.001.2.223,11,1,1,3000,0,,,,
GROTO.ST.WF,Alm,GROTO.Sel2701a.Sel2032.001.2.6,11,1,1,3000,0,,,,
GROTO.ST.WF,CtlOfLn,GROTO.Sel2701a.Sel2032.001.2.5,11,1,1,3000,0,,,,
GROTO.ST.WF,CtlRmt,GROTO.Sel2701a.Sel2032.001.2.10,11,1,1,3000,0,,,,
GROTO.ST.WF,ModVol,GROTO.Sel2701a.Sel2032.001.2.0,11,1,1,3000,0,,,,
GROTO.ST.WF,PME1OnLn,GROTO.Sel2701a.Sel2032.001.2.7,11,1,1,3000,0,,,,
GROTO.ST.WF,PME2OnLn,GROTO.Sel2701a.Sel2032.001.2.8,11,1,1,3000,0,,,,
GROTO.ST.WF,SetPlVolOvRng,GROTO.Sel2701a.Sel2032.001.2.4,11,1,1,3000,0,,,,
GROTO.ST.WF,CtrVArEna,GROTO.Sel2701a.Sel2032.001.2.11,11,1,1,3000,0,,,,
GROTO.ST.WF,StOfLn,GROTO.Sel2701a.Sel2032.001.2.2,11,1,1,3000,0,,,,
GROTO.ST.WF,StOnLn,GROTO.Sel2701a.Sel2032.001.2.1,11,1,1,3000,0,,,,
GROTO.ST.WF,StTr,GROTO.Sel2701a.Sel2032.001.2.3,11,1,1,3000,0,,,,
GROTO.ST2.EG1.QA0XCBR1,Pos,GROTO.Sel2701a.Sel2032.001.2.244,11,1,1,3000,0,,,,
GROTO.ST2.EG1.QA1XCBR1,Pos,GROTO.Sel2701a.Sel2032.001.2.245,11,1,1,3000,0,,,,
GROTO.ST2.EG1.QB3XSWI1,Pos,GROTO.Sel2701a.Sel2032.001.2.246,11,1,1,3000,0,,,,
GROTO.ST2.EG2.QA0XCBR1,Pos,GROTO.Sel2701a.Sel2032.001.2.251,11,1,1,3000,0,,,,
GROTO.ST2.EG2.QA1XCBR1,Pos,GROTO.Sel2701a.Sel2032.001.2.252,11,1,1,3000,0,,,,
GROTO.ST2.EG2.QB3XSWI1,Pos,GROTO.Sel2701a.Sel2032.001.2.253,11,1,1,3000,0,,,,
GROTO.ST2.LPHD,Alm1,GROTO.Sel2701a.Sel2032.001.2.243,11,1,1,3000,0,,,,
GROTO.ST2.LPHD,Alm2,GROTO.Sel2701a.Sel2032.001.2.250,11,1,1,3000,0,,,,
GROTO.ST.EG1.QA0CSWI1,PosCls,GROTO.Sel2701a.Sel2032.012.1.13,5,,,3000,0,,,,
GROTO.ST.EG1.QA0CSWI1,PosOpn,GROTO.Sel2701a.Sel2032.012.1.12,5,,,3000,0,,,,
GROTO.ST.EG1.QB1CSWI1,PosCls,GROTO.Sel2701a.Sel2032.012.1.15,5,,,3000,0,,,,
GROTO.ST.EG1.QB1CSWI1,PosOpn,GROTO.Sel2701a.Sel2032.012.1.14,5,,,3000,0,,,,
GROTO.ST.HIR1.QA0CSWI1,PosCls,GROTO.Sel2701a.Sel2032.012.1.11,5,,,3000,0,,,,
GROTO.ST.HIR1.QA0CSWI1,PosOpn,GROTO.Sel2701a.Sel2032.012.1.10,5,,,3000,0,,,,
GROTO.ST.HL01.QA0CSWI1,PosCls,GROTO.Sel2701a.Sel2032.012.1.1,5,,,3000,0,,,,
GROTO.ST.HL01.QA0CSWI1,PosOpn,GROTO.Sel2701a.Sel2032.012.1.0,5,,,3000,0,,,,
GROTO.ST.HL02.QA0CSWI1,PosCls,GROTO.Sel2701a.Sel2032.012.1.3,5,,,3000,0,,,,
GROTO.ST.HL02.QA0CSWI1,PosOpn,GROTO.Sel2701a.Sel2032.012.1.2,5,,,3000,0,,,,
GROTO.ST.HRC1.QA0CSWI1,PosCls,GROTO.Sel2701a.Sel2032.012.1.5,5,,,3000,0,,,,
GROTO.ST.HRC1.QA0CSWI1,PosOpn,GROTO.Sel2701a.Sel2032.012.1.4,5,,,3000,0,,,,
GROTO.ST.HRC1.QA1CSWI1,PosCls,GROTO.Sel2701a.Sel2032.012.1.7,5,,,3000,0,,,,
GROTO.ST.HRC1.QA1CSWI1,PosOpn,GROTO.Sel2701a.Sel2032.012.1.6,5,,,3000,0,,,,
GROTO.ST.HRC1.QA2CSWI1,PosCls,GROTO.Sel2701a.Sel2032.012.1.9,5,,,3000,0,,,,
GROTO.ST.HRC1.QA2CSWI1,PosOpn,GROTO.Sel2701a.Sel2032.012.1.8,5,,,3000,0,,,,
GROTO.ST.WF,AlmRs,GROTO.Sel2701a.Sel2032.012.1.22,5,,,3000,0,,,,
GROTO.ST.WF,OpDisModVol,GROTO.Sel2701a.Sel2032.012.1.19,5,,,3000,0,,,,
GROTO.ST.WF,OpEnaModVol,GROTO.Sel2701a.Sel2032.012.1.20,5,,,3000,0,,,,
GROTO.ST.WF,OpRemCtl,GROTO.Sel2701a.Sel2032.012.1.21,5,,,3000,0,,,,
GROTO.ST.WF,OpStopTurVArCtl,GROTO.Sel2701a.Sel2032.012.1.17,5,,,3000,0,,,,
GROTO.ST.WF,OpStopVArCtl,GROTO.Sel2701a.Sel2032.012.1.16,5,,,3000,0,,,,
GROTO.ST.WF,OpStrTurVArCtl,GROTO.Sel2701a.Sel2032.012.1.18,5,,,3000,0,,,,
GROTO.ST.WF,OpStrVArCtl,GROTO.Sel2701a.Sel2032.012.1.23,5,,,3000,0,,,,
GROTO.ST.WF,OutSetPlVol,GROTO.Sel2701a.Sel2032.AnalogOutputBlock32Bit 041.1.0,5,0,1,3000,1,32767,-32767,3276.7,-3276.7
GROTO.ST.WF,OutSetPlVol_f,GROTO.Sel2701a.Sel2032.040.0.0,4,0,1,3000,3,0.1,0,,
GROTO.ST.ISO,AckReq,GROTO.Sel2701a.Sel2032.001.2.309,11,1,1,3000,0,,,,
GROTO.ST.ISO,PlWLimAvl,GROTO.Sel2701a.Sel2032.001.2.310,11,1,1,3000,0,,,,
GROTO.ST.ISO,FolwDpch,GROTO.Sel2701a.Sel2032.001.2.311,11,1,1,3000,0,,,,
GROTO.ST.ISO,OpSetPlW,GROTO.Sel2701a.Sel2032.001.2.312,11,1,1,3000,0,,,,
GROTO.ST.ISO,SetPlW,GROTO.Sel2701a.Sel2032.001.2.313,11,1,1,3000,0,,,,
GROTO.ST.ISO,RTUAlm,GROTO.Sel2701a.Sel2032.001.2.314,11,1,1,3000,0,,,,
GROTO.ST.ISO.MSG,Norm,GROTO.Sel2701a.Sel2032.001.2.315,11,1,1,3000,0,,,,
GROTO.ST.ISO.MSG,Emg,GROTO.Sel2701a.Sel2032.001.2.316,11,1,1,3000,0,,,,
GROTO.ST.ISO.CTRLMODE,OffLnNoAvl,GROTO.Sel2701a.Sel2032.001.2.317,11,1,1,3000,0,,,,
GROTO.ST.ISO.CTRLMODE,OffLnAvl,GROTO.Sel2701a.Sel2032.001.2.318,11,1,1,3000,0,,,,
GROTO.ST.ISO.CTRLMODE,FixOut,GROTO.Sel2701a.Sel2032.001.2.319,11,1,1,3000,0,,,,
GROTO.ST.ISO.CTRLMODE,Dpch,GROTO.Sel2701a.Sel2032.001.2.320,11,1,1,3000,0,,,,
GROTO.ST.ISO.CTRLMOD,OpSetPlW,GROTO.Sel2701a.Sel2032.001.2.321,11,1,1,3000,0,,,,
GROTO.ST.ISO.CTRLMODE,SetPlW,GROTO.Sel2701a.Sel2032.001.2.322,11,1,1,3000,0,,,,
GROTO.ST.ISO.MSG,Typ,GROTO.Sel2701a.Sel2032.030.1.164,5,1,1,3000,1,32767,-32767,32767,-32767
GROTO.ST.ISO,WLim,GROTO.Sel2701a.Sel2032.030.1.165,5,1,1,3000,1,32767,-32767,327.67,-327.67
GROTO.ST.ISO,W,GROTO.Sel2701a.Sel2032.030.1.166,5,1,1,3000,1,32767,-32767,327.67,-327.67
GROTO.ST.ISO,Wdev,GROTO.Sel2701a.Sel2032.030.1.167,5,1,1,3000,1,32767,-32767,327.67,-327.67
GROTO.ST.ISO.OP,WLimHi,GROTO.Sel2701a.Sel2032.030.1.168,5,1,1,3000,1,32767,-32767,327.67,-327.67
GROTO.ST.ISO.OP,WLimHiHi,GROTO.Sel2701a.Sel2032.030.1.169,5,1,1,3000,1,32767,-32767,327.67,-327.67
GROTO.ST.ISO.OP,WLimLo,GROTO.Sel2701a.Sel2032.030.1.170,5,1,1,3000,1,32767,-32767,327.67,-327.67
GROTO.ST.ISO.OP,WLimLoLo,GROTO.Sel2701a.Sel2032.030.1.171,5,1,1,3000,1,32767,-32767,327.67,-327.67
GROTO.ST.ISO,Schd,GROTO.Sel2701a.Sel2032.030.1.172,5,1,1,3000,1,32767,-32767,32767,-32767
GROTO.ST.ISO.OP,ManUp,GROTO.Sel2701a.Sel2032.030.1.173,5,1,1,3000,1,32767,-32767,327.67,-327.67
GROTO.ST.ISO.OP,ManDn,GROTO.Sel2701a.Sel2032.030.1.174,5,1,1,3000,1,32767,-32767,327.67,-327.67
GROTO.ST.ISO.CTRLMODE,Typ,GROTO.Sel2701a.Sel2032.030.1.175,5,1,1,3000,1,32767,-32767,32767,-32767
GROTO.ST.ISO,PrcEgy,GROTO.Sel2701a.Sel2032.030.1.176,5,1,1,3000,1,32767,-32767,327.67,-327.67
GROTO.ST.ISO.TMSR,SpnPrc,GROTO.Sel2701a.Sel2032.030.1.177,5,1,1,3000,1,32767,-32767,327.67,-327.67
GROTO.ST.ISO.TMSR,NoSpnPrc,GROTO.Sel2701a.Sel2032.030.1.178,5,1,1,3000,1,32767,-32767,327.67,-327.67
GROTO.ST.ISO.TMOR,Prc,GROTO.Sel2701a.Sel2032.030.1.179,5,1,1,3000,1,32767,-32767,327.67,-327.67
GROTO.ST.ISO,AGCPrc,GROTO.Sel2701a.Sel2032.030.1.180,5,1,1,3000,1,32767,-32767,327.67,-327.67
GROTO.ST.ISO.TMSR,SpnW,GROTO.Sel2701a.Sel2032.030.1.181,5,1,1,3000,1,32767,-32767,327.67,-327.67
GROTO.ST.ISO.TMSR,NoSpnW,GROTO.Sel2701a.Sel2032.030.1.182,5,1,1,3000,1,32767,-32767,327.67,-327.67
GROTO.ST.ISO.TMOR,W,GROTO.Sel2701a.Sel2032.030.1.183,5,1,1,3000,1,32767,-32767,327.67,-327.67
GROTO.ST.ISO,DNELimW,GROTO.Sel2701a.Sel2032.030.1.184,5,1,1,3000,1,32767,-32767,327.67,-327.67
GROTO.ST.ISO.OP,AutoUp,GROTO.Sel2701a.Sel2032.030.1.185,5,1,1,3000,1,32767,-32767,327.67,-327.67
GROTO.ST.ISO.OP,AutoDn,GROTO.Sel2701a.Sel2032.030.1.186,5,1,1,3000,1,32767,-32767,327.67,-327.67
GROTO.ST.ISO.OP,EcoMaxLim,GROTO.Sel2701a.Sel2032.030.1.187,5,1,1,3000,1,32767,-32767,327.67,-327.67
GROTO.ST.ISO.OP,RegHiLim,GROTO.Sel2701a.Sel2032.030.1.188,5,1,1,3000,1,32767,-32767,327.67,-327.67
GROTO.ST.ISO.OP,RegLoLim,GROTO.Sel2701a.Sel2032.030.1.189,5,1,1,3000,1,32767,-32767,327.67,-327.67
GROTO.ST.ISO.OP,EcoMinLim,GROTO.Sel2701a.Sel2032.030.1.190,5,1,1,3000,1,32767,-32767,327.67,-327.67
GROTO.ST.ISO.OP,EmgMinLim,GROTO.Sel2701a.Sel2032.030.1.191,5,1,1,3000,1,32767,-32767,327.67,-327.67
GROTO.ST.ISO.OP,RspRte,GROTO.Sel2701a.Sel2032.030.1.192,5,1,1,3000,1,32767,-32767,327.67,-327.67
GROTO.ST.ISO.OP,RegRng,GROTO.Sel2701a.Sel2032.030.1.193,5,1,1,3000,1,32767,-32767,327.67,-327.67
GROTO.ST.ISO.OP,RegPrc,GROTO.Sel2701a.Sel2032.030.1.194,5,1,1,3000,1,32767,-32767,327.67,-327.67
GROTO.ST.ISO.TMRS,SpnPrc,GROTO.Sel2701a.Sel2032.030.1.195,5,1,1,3000,1,32767,-32767,327.67,-327.67
GROTO.ST.ISO,NodePrc,GROTO.Sel2701a.Sel2032.030.1.196,5,1,1,3000,1,32767,-32767,327.67,-327.67
GROTO.ST.ISO.OP,RegNextPrc,GROTO.Sel2701a.Sel2032.030.1.197,5,1,1,3000,1,32767,-32767,327.67,-327.67
GROTO.ST.ISO,Id,GROTO.Sel2701a.Sel2032.030.1.198,5,1,1,3000,1,32767,-32767,32767,-32767
GROTO.ST.ISO,Pls,GROTO.Sel2701a.Sel2032.030.1.199,5,1,1,3000,1,32767,-32767,32767,-32767
GROTO.ST.ISO.t,Year,GROTO.Sel2701a.Sel2032.030.1.200,5,1,1,3000,1,32767,-32767,32767,-32767
GROTO.ST.ISO.t,Month,GROTO.Sel2701a.Sel2032.030.1.201,5,1,1,3000,1,32767,-32767,32767,-32767
GROTO.ST.ISO.t,Day,GROTO.Sel2701a.Sel2032.030.1.202,5,1,1,3000,1,32767,-32767,32767,-32767
GROTO.ST.ISO.t,Hour,GROTO.Sel2701a.Sel2032.030.1.203,5,1,1,3000,1,32767,-32767,32767,-32767
GROTO.ST.ISO.t,Minute,GROTO.Sel2701a.Sel2032.030.1.204,5,1,1,3000,1,32767,-32767,32767,-32767
GROTO.ST.ISO.t,Second,GROTO.Sel2701a.Sel2032.030.1.205,5,1,1,3000,1,32767,-32767,32767,-32767
GROTO.ST.ISO,AckAlm,GROTO.Sel2701a.Sel2032.012.1.24,5,,,3000,0,,,,
GROTO.BACKG.ATS.LPHD,Rdy,GROTO.Backg.Ats.001.2.0,11,1,1,3000,0,,,,
GROTO.BACKG.ATS.LLN0,LocKeyAuto,GROTO.Backg.Ats.001.2.1,11,1,1,3000,0,,,,
GROTO.BACKG.ATS.LPHD,GenAlm,GROTO.Backg.Ats.001.2.2,11,1,1,3000,0,,,,
GROTO.BACKG.ATS.LPHD,GenLdTestStr,GROTO.Backg.Ats.001.2.3,11,1,1,3000,0,,,,
GROTO.BACKG.ATS.LPHD,TestStr,GROTO.Backg.Ats.001.2.4,11,1,1,3000,0,,,,
GROTO.BACKG.ATS.LPHD,EmgSrcAvl,GROTO.Backg.Ats.001.2.5,11,1,1,3000,0,,,,
GROTO.BACKG.ATS.LPHD,NormSrcAvl,GROTO.Backg.Ats.001.2.6,11,1,1,3000,0,,,,
GROTO.BACKG.ATS.QB1CSWI1,PosCls,GROTO.Backg.Ats.001.2.7,11,1,1,3000,0,,,,
GROTO.BACKG.ATS.QB2CSWI1,EmgPosCls,GROTO.Backg.Ats.001.2.8,11,1,1,3000,0,,,,
GROTO.BACKG.ATS.QB1CSWI1,PosOpn,GROTO.Backg.Ats.001.2.9,11,1,1,3000,0,,,,
GROTO.BACKG.ATS.QB2CSWI1,EmgPosOpn,GROTO.Backg.Ats.001.2.10,11,1,1,3000,0,,,,
GROTO.BACKG.ATS.QB1CSWI1,Q7In,GROTO.Backg.Ats.001.2.11,11,1,1,3000,0,,,,
GROTO.BACKG.ATS.QB2CSWI1,Q3In,GROTO.Backg.Ats.001.2.12,11,1,1,3000,0,,,,
GROTO.BACKG.ATS.QA0XCBR1,PosNorm,GROTO.Backg.Ats.001.2.13,11,1,1,3000,0,,,,
GROTO.BACKG.ATS.QA0XCBR1,PosEmg,GROTO.Backg.Ats.001.2.14,11,1,1,3000,0,,,,
GROTO.BACKG.ATS.QA0XCBR1,PosN,GROTO.Backg.Ats.001.2.15,11,1,1,3000,0,,,,
GROTO.BACKG.ATS.LPHD,UPSPwrSrc,GROTO.Backg.Ats.001.2.16,11,1,1,3000,0,,,,
GROTO.BACKG.ATS.QB2CSWI1,YECtl,GROTO.Backg.Ats.001.2.17,11,1,1,3000,0,,,,
GROTO.BACKG.ATS.QB2CSWI2,YNCtl,GROTO.Backg.Ats.001.2.18,11,1,1,3000,0,,,,
GROTO.BACKG.ATS.CSWI1,NoLdTestStr,GROTO.Backg.Ats.001.2.19,11,1,1,3000,0,,,,
GROTO.BACKG.ATS.CSWI1,LdTestStr,GROTO.Backg.Ats.001.2.20,11,1,1,3000,0,,,,
GROTO.BACKG.ATS.CSWI1,FastLdTestStr,GROTO.Backg.Ats.001.2.21,11,1,1,3000,0,,,,
GROTO.BACKG.ATS.LPHD,TestCylPend,GROTO.Backg.Ats.001.2.22,11,1,1,3000,0,,,,
GROTO.BACKG.ATS.LPHD,TestCylBy,GROTO.Backg.Ats.001.2.23,11,1,1,3000,0,,,,
GROTO.BACKG.ATS.LPHD,PStr,GROTO.Backg.Ats.001.2.24,11,1,1,3000,0,,,,
GROTO.BACKG.ATS.QB1CSWI1,TStr,GROTO.Backg.Ats.001.2.25,11,1,1,3000,0,,,,
GROTO.BACKG.ATS.LPHD,DTStr,GROTO.Backg.Ats.001.2.26,11,1,1,3000,0,,,,
GROTO.BACKG.ATS.QB1CSWI1,T3Str,GROTO.Backg.Ats.001.2.27,11,1,1,3000,0,,,,
GROTO.BACKG.ATS.QB2CSWI1,W3Str,GROTO.Backg.Ats.001.2.28,11,1,1,3000,0,,,,
GROTO.BACKG.ATS.QB2CSWI1,WStr,GROTO.Backg.Ats.001.2.29,11,1,1,3000,0,,,,
GROTO.BACKG.ATS.LPHD,DWStr,GROTO.Backg.Ats.001.2.30,11,1,1,3000,0,,,,
GROTO.BACKG.ATS.LPHD,UStr,GROTO.Backg.Ats.001.2.31,11,1,1,3000,0,,,,
GROTO.BACKG.ATS.LPHD,ECPwrSrc,GROTO.Backg.Ats.001.2.32,11,1,1,3000,0,,,,
GROTO.BACKG.ATS.LPHD,GnPwrSrc,GROTO.Backg.Ats.001.2.33,11,1,1,3000,0,,,,
GROTO.BACKG.ATS.LPHD,FailS1,GROTO.Backg.Ats.001.2.40,11,1,1,3000,0,,,,
GROTO.BACKG.ATS.LPHD,FailS2,GROTO.Backg.Ats.001.2.41,11,1,1,3000,0,,,,
GROTO.BACKG.ATS.LPHD,PhaseImbS1,GROTO.Backg.Ats.001.2.42,11,1,1,3000,0,,,,
GROTO.BACKG.ATS.LPHD,PhaseImbS2,GROTO.Backg.Ats.001.2.43,11,1,1,3000,0,,,,
GROTO.BACKG.ATS.LPHD,StrS2,GROTO.Backg.Ats.001.2.44,11,1,1,3000,0,,,,
GROTO.BACKG.ATS.LPHD,StopS2,GROTO.Backg.Ats.001.2.45,11,1,1,3000,0,,,,
GROTO.BACKG.ATS.LPHD,SynFail,GROTO.Backg.Ats.001.2.46,11,1,1,3000,0,,,,
GROTO.BACKG.ATS.LPHD,LdShed,GROTO.Backg.Ats.001.2.47,11,1,1,3000,0,,,,
GROTO.BACKG.ATS.LPHD,Inh,GROTO.Backg.Ats.001.2.48,11,1,1,3000,0,,,,
GROTO.BACKG.ATS.LPHD,PhaseRot,GROTO.Backg.Ats.001.2.49,11,1,1,3000,0,,,,
GROTO.BACKG.ATS.LPHD,RemTest,GROTO.Backg.Ats.001.2.50,11,1,1,3000,0,,,,
GROTO.BACKG.ATS.LPHD,LocTest,GROTO.Backg.Ats.001.2.51,11,1,1,3000,0,,,,
GROTO.BACKG.ATS.LPHD,VolImbS1S2,GROTO.Backg.Ats.001.2.52,11,1,1,3000,0,,,,
GROTO.BACKG.ATS.LPHD,HzImbS1S2,GROTO.Backg.Ats.001.2.53,11,1,1,3000,0,,,,
GROTO.BACKG.ATS.LPHD,CtXfrS1S2,GROTO.Backg.Ats.001.2.54,11,1,1,3000,0,,,,
GROTO.BACKG.ATS.LPHD,CtXfrS2S1,GROTO.Backg.Ats.001.2.55,11,1,1,3000,0,,,,
GROTO.BACKG.ATS.LPHD,XfrS1S2,GROTO.Backg.Ats.001.2.56,11,1,1,3000,0,,,,
GROTO.BACKG.ATS.LPHD,XfrS2S1,GROTO.Backg.Ats.001.2.57,11,1,1,3000,0,,,,
GROTO.BACKG.ATS.LPHD,NoXfr,GROTO.Backg.Ats.001.2.58,11,1,1,3000,0,,,,
GROTO.BACKG.ATS.LPHD,Olc,GROTO.Backg.Ats.001.2.59,11,1,1,3000,0,,,,
GROTO.BACKG.ATS.LPHD,Ste,GROTO.Backg.Ats.001.2.60,11,1,1,3000,0,,,,
GROTO.BACKG.ATS.LPHD,UnVolFailS1,GROTO.Backg.Ats.001.2.61,11,1,1,3000,0,,,,
GROTO.BACKG.ATS.LPHD,OvVolFailS1,GROTO.Backg.Ats.001.2.62,11,1,1,3000,0,,,,
GROTO.BACKG.ATS.LPHD,UnHzFailS1,GROTO.Backg.Ats.001.2.63,11,1,1,3000,0,,,,
GROTO.BACKG.ATS.LPHD,OvHzFailS1,GROTO.Backg.Ats.001.2.64,11,1,1,3000,0,,,,
GROTO.BACKG.ATS.LPHD,UnVolFailS2,GROTO.Backg.Ats.001.2.65,11,1,1,3000,0,,,,
GROTO.BACKG.ATS.LPHD,OvVolFailS2,GROTO.Backg.Ats.001.2.66,11,1,1,3000,0,,,,
GROTO.BACKG.ATS.LPHD,UnHzFailS2,GROTO.Backg.Ats.001.2.67,11,1,1,3000,0,,,,
GROTO.BACKG.ATS.LPHD,OvHzFailS2,GROTO.Backg.Ats.001.2.68,11,1,1,3000,0,,,,
GROTO.BACKG.ATS.LPHD,RestS1,GROTO.Backg.Ats.001.2.69,11,1,1,3000,0,,,,
GROTO.BACKG.ATS.LPHD,OpnS2,GROTO.Backg.Ats.001.2.70,11,1,1,3000,0,,,,
GROTO.BACKG.ATS.LPHD,Exec,GROTO.Backg.Ats.001.2.71,11,1,1,3000,0,,,,
GROTO.BACKG.ATS.LPHD,RemTestNet,GROTO.Backg.Ats.001.2.72,11,1,1,3000,0,,,,
GROTO.BACKG.ATS.LPHD,RemInh,GROTO.Backg.Ats.001.2.73,11,1,1,3000,0,,,,
GROTO.BACKG.ATS.LPHD,LocInh,GROTO.Backg.Ats.001.2.74,11,1,1,3000,0,,,,
GROTO.BACKG.ATS.LPHD,AvlS2,GROTO.Backg.Ats.001.2.75,11,1,1,3000,0,,,,
GROTO.BACKG.GN1.GGEN,GnRdy,GROTO.Backg.Ats.001.2.100,11,1,1,3000,0,,,,
GROTO.BACKG.GN1.LPHD,CommAlm2,GROTO.Backg.Ats.001.2.101,11,1,1,3000,0,,,,
GROTO.BACKG.GN1.LPHD,CommWrn,GROTO.Backg.Ats.001.2.102,11,1,1,3000,0,,,,
GROTO.BACKG.GN1.GGEN,EngStRun,GROTO.Backg.Ats.001.2.103,11,1,1,3000,0,,,,
GROTO.BACKG.GN1.GGEN,AlmEna,GROTO.Backg.Ats.001.2.104,11,1,1,3000,0,,,,
GROTO.BACKG.GN1.GGEN,GnRdyLd,GROTO.Backg.Ats.001.2.105,11,1,1,3000,0,,,,
GROTO.BACKG.GN1.GGEN,GnRdyRun,GROTO.Backg.Ats.001.2.106,11,1,1,3000,0,,,,
GROTO.BACKG.GN1.GGEN,AlmStop,GROTO.Backg.Ats.001.2.107,11,1,1,3000,0,,,,
GROTO.BACKG.GN1.GGEN,EngStStop,GROTO.Backg.Ats.001.2.108,11,1,1,3000,0,,,,
GROTO.BACKG.GN1.GGEN,EngStMan,GROTO.Backg.Ats.001.2.109,11,1,1,3000,0,,,,
GROTO.BACKG.GN1.LPHD,Auto,GROTO.Backg.Ats.001.2.110,11,1,1,3000,0,,,,
GROTO.BACKG.GN1.GGEN,EngStOff,GROTO.Backg.Ats.001.2.111,11,1,1,3000,0,,,,
GROTO.BACKG.GN1.GGEN,OvCrkAlm,GROTO.Backg.Ats.001.2.112,11,1,1,3000,0,,,,
GROTO.BACKG.GN1.QB1CSWI1,Auto,GROTO.Backg.Ats.001.2.113,11,1,1,3000,0,,,,
GROTO.BACKG.GN1.QB1CSWI1,Man,GROTO.Backg.Ats.001.2.114,11,1,1,3000,0,,,,
GROTO.BACKG.GN1.GGEN,EmgStopAtv,GROTO.Backg.Ats.001.2.115,11,1,1,3000,0,,,,
GROTO.BACKG.GN1.GGEN,RemStrAtv,GROTO.Backg.Ats.001.2.116,11,1,1,3000,0,,,,
GROTO.BACKG.GN1.GGEN,WrmUp,GROTO.Backg.Ats.001.2.117,11,1,1,3000,0,,,,
GROTO.BACKG.GN1.GGEN,EngStClDn,GROTO.Backg.Ats.001.2.118,11,1,1,3000,0,,,,
GROTO.BACKG.GN1.GGEN,EngCrk,GROTO.Backg.Ats.001.2.119,11,1,1,3000,0,,,,
GROTO.BACKG.GN1.GGEN,MaintAlm,GROTO.Backg.Ats.001.2.120,11,1,1,3000,0,,,,
GROTO.BACKG.GN1.GGEN,ShtDn,GROTO.Backg.Ats.001.2.121,11,1,1,3000,0,,,,
GROTO.BACKG.GN1.GTRM,OilPresAlm,GROTO.Backg.Ats.001.2.122,11,1,1,3000,0,,,,
GROTO.BACKG.GN1.GCGR,ClTmpAlm,GROTO.Backg.Ats.001.2.123,11,1,1,3000,0,,,,
GROTO.BACKG.GN1.GBAT,VolAlm,GROTO.Backg.Ats.001.2.124,11,1,1,3000,0,,,,
GROTO.BACKG.GN1.GFUE,FuelAlm,GROTO.Backg.Ats.001.2.125,11,1,1,3000,0,,,,
GROTO.BACKG.GN1.GGEN,GnDateMonitorAlm,GROTO.Backg.Ats.001.2.126,11,1,1,3000,0,,,,
GROTO.BACKG.GN1.LPHD,CommAlm,GROTO.Backg.Ats.001.2.127,11,1,1,3000,0,,,,
GROTO.BACKG.ATS.LPHD,CommAlm,GROTO.Backg.Ats.001.2.128,11,1,1,3000,0,,,,
GROTO.BACKG.GN1.LPHD,XfrDateAlm,GROTO.Backg.Ats.001.2.129,11,1,1,3000,0,,,,
GROTO.BACKG.ATS.CSWI1,NoLdTestCtl,GROTO.Backg.Ats.012.1.0,5,0,1,3000,0,
GROTO.BACKG.ATS.CSWI1,LdTestCtl,GROTO.Backg.Ats.012.1.1,5,0,1,3000,0,
GROTO.BACKG.ATS.CSWI1,FastLdTestCtl,GROTO.Backg.Ats.012.1.2,5,0,1,3000,0,
GROTO.BACKG.ATS.MMXU1.PPV,PhsAB,GROTO.Backg.Ats.030.2.0,5,1,1,3000,1,32767,-32767,32767,-32767
GROTO.BACKG.ATS.MMXU1.PPV,PhsBC,GROTO.Backg.Ats.030.2.1,5,1,1,3000,1,32767,-32767,32767,-32767
GROTO.BACKG.ATS.MMXU1.PPV,PhsCA,GROTO.Backg.Ats.030.2.2,5,1,1,3000,1,32767,-32767,32767,-32767
GROTO.BACKG.ATS.MMXU2.PPV,PhsAB,GROTO.Backg.Ats.030.2.3,5,1,1,3000,1,32767,-32767,32767,-32767
GROTO.BACKG.ATS.MMXU2.PPV,PhsBC,GROTO.Backg.Ats.030.2.4,5,1,1,3000,1,32767,-32767,32767,-32767
GROTO.BACKG.ATS.MMXU2.PPV,PhsCA,GROTO.Backg.Ats.030.2.5,5,1,1,3000,1,32767,-32767,32767,-32767
GROTO.BACKG.ATS.MMXU1,AvHz,GROTO.Backg.Ats.030.2.7,5,1,1,3000,1,32767,-32767,32767,-32767
GROTO.BACKG.ATS.MMXU2,AvHz,GROTO.Backg.Ats.030.2.6,5,1,1,3000,1,32767,-32767,32767,-32767
GROTO.BACKG.ATS.LPHD,NumXfrS1,GROTO.Backg.Ats.030.2.8,5,1,1,3000,1,32767,-32767,32767,-32767
GROTO.BACKG.ATS.LPHD,PTm,GROTO.Backg.Ats.030.2.9,5,1,1,3000,1,32767,-32767,32767,-32767
GROTO.BACKG.ATS.QB2CSWI1,WTm,GROTO.Backg.Ats.030.2.10,5,1,1,3000,1,32767,-32767,32767,-32767
GROTO.BACKG.ATS.QB2CSWI1,W3Tm,GROTO.Backg.Ats.030.2.11,5,1,1,3000,1,32767,-32767,32767,-32767
GROTO.BACKG.ATS.LPHD,DWTm,GROTO.Backg.Ats.030.2.12,5,1,1,3000,1,32767,-32767,32767,-32767
GROTO.BACKG.ATS.QB1CSWI1,TTm,GROTO.Backg.Ats.030.2.13,5,1,1,3000,1,32767,-32767,32767,-32767
GROTO.BACKG.ATS.QB1CSWI1,T3Tm,GROTO.Backg.Ats.030.2.14,5,1,1,3000,1,32767,-32767,32767,-32767
GROTO.BACKG.ATS.LPHD,DTTm,GROTO.Backg.Ats.030.2.15,5,1,1,3000,1,32767,-32767,32767,-32767
GROTO.BACKG.ATS.LPHD,UTm,GROTO.Backg.Ats.030.2.16,5,1,1,3000,1,32767,-32767,32767,-32767
GROTO.BACKG.ATS.LPHD,PCnt,GROTO.Backg.Ats.030.2.17,5,1,1,3000,1,32767,-32767,32767,-32767
GROTO.BACKG.ATS.QB2CSWI1,WCnt,GROTO.Backg.Ats.030.2.18,5,1,1,3000,1,32767,-32767,32767,-32767
GROTO.BACKG.ATS.QB2CSWI1,W3Cnt,GROTO.Backg.Ats.030.2.19,5,1,1,3000,1,32767,-32767,32767,-32767
GROTO.BACKG.ATS.LPHD,DWCnt,GROTO.Backg.Ats.030.2.20,5,1,1,3000,1,32767,-32767,32767,-32767
GROTO.BACKG.ATS.QB1CSWI1,TCnt,GROTO.Backg.Ats.030.2.21,5,1,1,3000,1,32767,-32767,32767,-32767
GROTO.BACKG.ATS.QB1CSWI1,T3Cnt,GROTO.Backg.Ats.030.2.22,5,1,1,3000,1,32767,-32767,32767,-32767
GROTO.BACKG.ATS.LPHD,DTCnt,GROTO.Backg.Ats.030.2.23,5,1,1,3000,1,32767,-32767,32767,-32767
GROTO.BACKG.ATS.LPHD,UCnt,GROTO.Backg.Ats.030.2.24,5,1,1,3000,1,32767,-32767,32767,-32767
GROTO.BACKG.ATS.LPHD,NumXfrFail,GROTO.Backg.Ats.030.2.25,5,1,1,3000,1,32767,-32767,32767,-32767
GROTO.BACKG.ATS.LPHD,NumXfrS2,GROTO.Backg.Ats.030.2.26,5,1,1,3000,1,32767,-32767,32767,-32767
GROTO.BACKG.ATS.LPHD,DaysPwrUp,GROTO.Backg.Ats.030.2.27,5,1,1,3000,1,32767,-32767,32767,-32767
GROTO.BACKG.ATS.LPHD,NormHourAvl,GROTO.Backg.Ats.030.2.28,5,1,1,3000,1,32767,-32767,32767,-32767
GROTO.BACKG.ATS.LPHD,EmgHourAvl,GROTO.Backg.Ats.030.2.29,5,1,1,3000,1,32767,-32767,32767,-32767
GROTO.BACKG.ATS.LLN0,Hour,GROTO.Backg.Ats.030.2.30,5,1,1,3000,1,32767,-32767,32767,-32767
GROTO.BACKG.ATS.LLN0,Minute,GROTO.Backg.Ats.030.2.31,5,1,1,3000,1,32767,-32767,32767,-32767
GROTO.BACKG.ATS.LLN0,Day,GROTO.Backg.Ats.030.2.32,5,1,1,3000,1,32767,-32767,32767,-32767
GROTO.BACKG.ATS.LLN0,Month,GROTO.Backg.Ats.030.2.33,5,1,1,3000,1,32767,-32767,32767,-32767
GROTO.BACKG.ATS.LLN0,Year,GROTO.Backg.Ats.030.2.34,5,1,1,3000,1,32767,-32767,32767,-32767
GROTO.BACKG.ATS.LLN0,DayWeek,GROTO.Backg.Ats.030.2.35,5,1,1,3000,1,32767,-32767,32767,-32767
GROTO.BACKG.ATS.LLN0,DayLightSavTm,GROTO.Backg.Ats.030.2.36,5,1,1,3000,1,32767,-32767,32767,-32767
GROTO.BACKG.ATS.LLN0,TestCyHour,GROTO.Backg.Ats.030.2.37,5,1,1,3000,1,32767,-32767,32767,-32767
GROTO.BACKG.ATS.LLN0,TestCyMinute,GROTO.Backg.Ats.030.2.38,5,1,1,3000,1,32767,-32767,32767,-32767
GROTO.BACKG.ATS.LLN0,TestCyMonth,GROTO.Backg.Ats.030.2.39,5,1,1,3000,1,32767,-32767,32767,-32767
GROTO.BACKG.ATS.LLN0,TestCyDay,GROTO.Backg.Ats.030.2.40,5,1,1,3000,1,32767,-32767,32767,-32767
GROTO.BACKG.ATS.LLN0,TestCyDayWeek,GROTO.Backg.Ats.030.2.41,5,1,1,3000,1,32767,-32767,32767,-32767
GROTO.BACKG.ATS.LPHD,TestCylDur,GROTO.Backg.Ats.030.2.42,5,1,1,3000,1,32767,-32767,32767,-32767
GROTO.BACKG.ATS.LPHD,TestCylRec,GROTO.Backg.Ats.030.2.43,5,1,1,3000,1,32767,-32767,32767,-32767
GROTO.BACKG.ATS.LPHD,TestCylSchd,GROTO.Backg.Ats.030.2.44,5,1,1,3000,1,32767,-32767,32767,-32767
GROTO.BACKG.ATS.LPHD,LastXfrDate,GROTO.Backg.Ats.030.1.45,5,1,1,3000,1,32767,-32767,32767,-32767
GROTO.BACKG.ATS.LPHD,DateTm,GROTO.Backg.Ats.030.1.47,5,1,1,3000,1,32767,-32767,32767,-32767
GROTO.BACKG.GN1.GCNV,AvV,GROTO.Backg.Ats.030.2.48,5,1,1,3000,1,32767,-32767,32767,-32767
GROTO.BACKG.GN1.GCNV,AvA,GROTO.Backg.Ats.030.2.49,5,1,1,3000,1,32767,-32767,32767,-32767
GROTO.BACKG.GN1.GCNV,AvHz,GROTO.Backg.Ats.030.2.50,5,1,1,3000,1,32767,-32767,32767,-32767
GROTO.BACKG.GN1.GGEN,AvTotPF,GROTO.Backg.Ats.030.2.51,5,1,1,3000,1,32767,-32767,32767,-32767
GROTO.BACKG.GN1.GGEN,TotW,GROTO.Backg.Ats.030.2.52,5,1,1,3000,1,32767,-32767,32767,-32767
GROTO.BACKG.GN1.GCNV.PPV,AvPhsAB,GROTO.Backg.Ats.030.2.53,5,1,1,3000,1,32767,-32767,32767,-32767
GROTO.BACKG.GN1.GCNV.PPV,AvPhsBC,GROTO.Backg.Ats.030.2.54,5,1,1,3000,1,32767,-32767,32767,-32767
GROTO.BACKG.GN1.GCNV.PPV,AvPhsCA,GROTO.Backg.Ats.030.2.55,5,1,1,3000,1,32767,-32767,32767,-32767
GROTO.BACKG.GN1.GCNV.A,phsA,GROTO.Backg.Ats.030.2.56,5,1,1,3000,1,32767,-32767,32767,-32767
GROTO.BACKG.GN1.GCNV.A,phsB,GROTO.Backg.Ats.030.2.57,5,1,1,3000,1,32767,-32767,32767,-32767
GROTO.BACKG.GN1.GCNV.A,phsC,GROTO.Backg.Ats.030.2.58,5,1,1,3000,1,32767,-32767,32767,-32767
GROTO.BACKG.GN1.GTRM,OilPres,GROTO.Backg.Ats.030.2.59,5,1,1,3000,1,32767,-32767,32767,-32767
GROTO.BACKG.GN1.GCGR,ClTmp,GROTO.Backg.Ats.030.2.60,5,1,1,3000,1,32767,-32767,32767,-32767
GROTO.BACKG.GN1.GBAT,Vol,GROTO.Backg.Ats.030.2.61,5,1,1,3000,1,32767,-32767,32767,-32767
GROTO.BACKG.GN1.GMOT,GnSpd,GROTO.Backg.Ats.030.2.62,5,1,1,3000,1,32767,-32767,32767,-32767
GROTO.BACKG.GN1.GMOT,OpTmh,GROTO.Backg.Ats.030.2.63,5,1,1,3000,1,32767,-32767,32767,-32767
GROTO.BACKG.GN1.GCGR,ClLev,GROTO.Backg.Ats.030.2.64,5,1,1,3000,1,32767,-32767,32767,-32767
GROTO.BACKG.GN1.GBAT,ChgA,GROTO.Backg.Ats.030.2.65,5,1,1,3000,1,32767,-32767,32767,-32767
GROTO.BACKG.GN1.GMOT,TtlPos,GROTO.Backg.Ats.030.2.66,5,1,1,3000,1,32767,-32767,32767,-32767
GROTO.BACKG.GN1.GCNV,CycAF,GROTO.Backg.Ats.030.2.67,5,1,1,3000,1,32767,-32767,32767,-32767
GROTO.BACKG.GN1.LPHD,GnLastDateTm,GROTO.Backg.Ats.030.1.68,5,1,1,3000,1,32767,-32767,32767,-32767
GROTO.BACKG.GN1.GFUE,FuelLev,GROTO.Backg.Ats.030.2.69,5,1,1,3000,1,32767,-32767,32767,-32767